file_name,call_type
551418.mp3,Call
551419.mp3,Chip Call
551421.mp3,Flight Call
551420.mp3,Tink Call
551413.mp3,Song
551417.mp3,Dawn Song
551416.mp3,Song
551414.mp3,Song
551415.mp3,Song
551455.mp3,Song
551456.mp3,Song
551457.mp3,Song
544789.mp3,Call
551458.mp3,Flight Call
551296.mp3,Song
551297.mp3,Song
551295.mp3,Song
551294.mp3,Song
551300.mp3,Flight Call
551299.mp3,Call
551298.mp3,Chip Call
551490.mp3,Song
551491.mp3,Song
551493.mp3,Chip Call
551492.mp3,Song
551496.mp3,Flight Call
551495.mp3,Call
551494.mp3,Tink Call
551489.mp3,Song
551593.mp3,Flight Call
551587.mp3,Song
551592.mp3,Tink Call
551590.mp3,Dawn Song
551591.mp3,Chip Call
551588.mp3,Song
551589.mp3,Song
551468.mp3,Flight Call
551466.mp3,Chip Call
551467.mp3,Tink Call
551459.mp3,Song
551465.mp3,Chip Call
551464.mp3,Dawn Song
551460.mp3,Song
551461.mp3,Song
551463.mp3,Song
551462.mp3,Song
551484.mp3,Song
551485.mp3,Song
551487.mp3,Chip Call
551486.mp3,Song
551483.mp3,Song
551488.mp3,Flight Call
551290.mp3,Chip Call
551291.mp3,Call
551293.mp3,Flight Call
551287.mp3,Song
551286.mp3,Song
551288.mp3,Song
551289.mp3,Song
551599.mp3,Song
551604.mp3,Call
551605.mp3,Flight Call
551601.mp3,Song
551600.mp3,Song
551602.mp3,Song
551603.mp3,Chip Call
551430.mp3,Song
551431.mp3,Call
551427.mp3,Song
551428.mp3,Song
551429.mp3,Song
553921.mp3,Flight Call
551433.mp3,Song
551436.mp3,Chip Call
551437.mp3,Tink Call
551435.mp3,Song
551434.mp3,Song
551438.mp3,Flight Call
551478.mp3,Song
551479.mp3,Chip Call
551482.mp3,Flight Call
551481.mp3,Call
551480.mp3,Chip Call
551474.mp3,Song
551475.mp3,Song
551477.mp3,Song
551476.mp3,Song
551395.mp3,Song
551394.mp3,Song
551396.mp3,Song
551397.mp3,Song
551393.mp3,Song
551405.mp3,Flight Call
551404.mp3,Tink Call
551403.mp3,Call
551402.mp3,Chip Call
551400.mp3,Chip Call
551399.mp3,Song
551398.mp3,Flight Call
551401.mp3,Chip Call
551363.mp3,Song
551362.mp3,Song
551361.mp3,Song
551365.mp3,Flight Call
551364.mp3,Chip Call
551282.mp3,Song
551283.mp3,Chip Call
551281.mp3,Song
551280.mp3,Song
551284.mp3,Tink Call
551285.mp3,Flight Call
551278.mp3,Song
551279.mp3,Song
551409.mp3,Song
551408.mp3,Song
551411.mp3,Tink Call
551410.mp3,Chip Call
551412.mp3,Flight Call
551406.mp3,Song
551407.mp3,Song
551387.mp3,Song
551386.mp3,Song
551392.mp3,Flight Call
551390.mp3,Chip Call
551391.mp3,Tink Call
551388.mp3,Song
551269.mp3,Tink Call
551268.mp3,Call
551263.mp3,Song
551262.mp3,Song
551266.mp3,Song
551267.mp3,Chip Call
551265.mp3,Song
551264.mp3,Song
551270.mp3,Flight Call
551447.mp3,Song
551453.mp3,Tink Call
551452.mp3,Call
551446.mp3,Song
551450.mp3,Dawn Song
551451.mp3,Call
551454.mp3,Flight Call
551448.mp3,Song
551449.mp3,Song
551381.mp3,Song
551380.mp3,Song
551382.mp3,Flight Call
551383.mp3,Chip Call
551378.mp3,Song
551379.mp3,Song
551384.mp3,Tink Call
551385.mp3,Flight Call
551377.mp3,Song
551376.mp3,Song
551374.mp3,Song
551375.mp3,Song
551342.mp3,Song
551343.mp3,Song
551354.mp3,Tink Call
551350.mp3,Song
551344.mp3,Song
551345.mp3,Song
551351.mp3,Song
551347.mp3,Tink Call
551353.mp3,Call
551352.mp3,Dawn Song
551346.mp3,Call
551348.mp3,Flight Call
551349.mp3,Song
551444.mp3,Chip Call
551445.mp3,Flight Call
551441.mp3,Song
551440.mp3,Song
551442.mp3,Song
551443.mp3,Dawn Song
551439.mp3,Song
551274.mp3,Flight Call
551275.mp3,Chip Call
551277.mp3,Flight Call
551276.mp3,Chip Call
551272.mp3,Song
551273.mp3,Song
551271.mp3,Song
551325.mp3,Song
551254.mp3,Flight Call
551253.mp3,Tink Call
551252.mp3,Chip Call
551250.mp3,Song
551251.mp3,Flight Call
551249.mp3,Song
551497.mp3,Song
551506.mp3,Chip Call
551499.mp3,Song
551498.mp3,Song
551507.mp3,Tink Call
551505.mp3,Song
551504.mp3,Song
551500.mp3,Chip Call
551501.mp3,Flight Call
551503.mp3,Song
551502.mp3,Song
551509.mp3,Song
551508.mp3,Song
538325.mp3,Flight Call
551512.mp3,Dawn Song
551513.mp3,Chip Call
551511.mp3,Song
551510.mp3,Song
551514.mp3,Tink Call
551515.mp3,Song
551544.mp3,Song
551545.mp3,Chip Call
551547.mp3,Flight Call
551546.mp3,Tink Call
551542.mp3,Song
551543.mp3,Song
551541.mp3,Song
551309.mp3,Flight Call
551308.mp3,Tink Call
551301.mp3,Song
551303.mp3,Song
551302.mp3,Song
551306.mp3,Chip Call
551305.mp3,Flight Call
551304.mp3,Dawn Song
551321.mp3,Song
551320.mp3,Song
551322.mp3,Song
551323.mp3,Chip Call
551324.mp3,Flight Call
551319.mp3,Song
551618.mp3,Flight Call
551608.mp3,Song
551609.mp3,Chip Call
551607.mp3,Song
551612.mp3,Song
551606.mp3,Song
551610.mp3,Song
551611.mp3,Song
551615.mp3,Song
551614.mp3,Song
551616.mp3,Song
551617.mp3,Chip Call
551255.mp3,Song
551256.mp3,Song
551257.mp3,Song
551260.mp3,Tink Call
551261.mp3,Flight Call
551259.mp3,Chip Call
551258.mp3,Flight Call
536959.mp3,Call
536958.mp3,Song
542001.mp3,Call
536960.mp3,Flight Call
551469.mp3,Song
526843.mp3,Song
526844.mp3,Call
536953.mp3,Song
551472.mp3,Flight Call
551473.mp3,Juvenile Calls
536952.mp3,Song
551471.mp3,Tink Call
551470.mp3,Song
536955.mp3,Call
536954.mp3,Dawn Song
532891.mp3,Song
536957.mp3,Song
551533.mp3,Chip Call
551527.mp3,Song
551526.mp3,Song
551532.mp3,Song
551518.mp3,Song
551524.mp3,Song
551530.mp3,Flight Call
551531.mp3,Song
551525.mp3,Song
551519.mp3,Song
551521.mp3,Chip Call
551520.mp3,Song
551522.mp3,Tink Call
551523.mp3,Flight Call
551528.mp3,Chip Call
551529.mp3,Tink Call
551517.mp3,Song
551516.mp3,Song
551535.mp3,Song
551534.mp3,Song
551536.mp3,Song
551537.mp3,Dawn Song
551540.mp3,Flight Call
551539.mp3,Chip Call
551538.mp3,Chip Call
